Vocabulary,Sound,POS,Original,Chinese,Where,Level,Alias,Source,Type
seminal,sound/seminal.mp3,Adjective,his **seminal** book,开创性的／開創性的,S1 P1,C1/T-3,BadScience,DSEPastPaper1 BadScience 2024 B2 T5 Vocabulary,Vocabulary
veracious,sound/veracious.mp3,Adjective,little **veracious** scientific evidence,真实的／真實的,S3 P1,C2/T-3,BadScience,DSEPastPaper1 BadScience 2024 B2 T5 Vocabulary,Vocabulary
bodacious,sound/bodacious.mp3,Adjective,their seemingly **bodacious** claims,夸大的／夸大的,S3 P1,C2/T-3,BadScience,DSEPastPaper1 BadScience 2024 B2 T5 Vocabulary,Vocabulary
routinely,sound/routinely.mp3,Adverb,being **routinely** taught in thousands of schools,例行地／例行地,S5 P1,B2/T-2,BadScience,DSEPastPaper1 BadScience 2024 B2 T5 Vocabulary,Vocabulary
sciencey,sound/sciencey.mp3,Adjective,in a special **sciencey** way,伪科学的／偽科學的,S5 P1,C2/T-3,BadScience,DSEPastPaper1 BadScience 2024 B2 T5 Vocabulary,Vocabulary
hydrate,sound/hydrate.mp3,Verb,will **hydrate** the brain directly,给…补水／給…補水,S5 P1,B2/T-2,BadScience,DSEPastPaper1 BadScience 2024 B2 T5 Vocabulary,Vocabulary
devote,sound/devote.mp3,Verb,we will **devote** some time to these beliefs,专门用于／專門用於,S6 P1,B2/T-2,BadScience,DSEPastPaper1 BadScience 2024 B2 T5 Vocabulary,Vocabulary
endorse,sound/endorse.mp3,Verb,the fools … who **endorse** them,赞同／贊同,S6 P1,C1/T-3,BadScience,DSEPastPaper1 BadScience 2024 B2 T5 Vocabulary,Vocabulary
absurdities,sound/absurdities.mp3,Noun,a collection of trivial **absurdities**,荒谬的事／荒謬的事,S7 P1,C1/T-3,BadScience,DSEPastPaper1 BadScience 2024 B2 T5 Vocabulary,Vocabulary
credence,sound/credence.mp3,Noun,via the **credence** they are given,信任／信任,S8 P1,C1/T-3,BadScience,DSEPastPaper1 BadScience 2024 B2 T5 Vocabulary,Vocabulary
evils,sound/evils.mp3,Noun,the **evils** of the £300 billion pharmaceutical industry,罪恶／罪惡,S8 P1,C1/T-3,BadScience,DSEPastPaper1 BadScience 2024 B2 T5 Vocabulary,Vocabulary
pervades,sound/pervades.mp3,Verb,that **pervades** our society,弥漫於／彌漫於,S9 P1,C1/T-3,BadScience,DSEPastPaper1 BadScience 2024 B2 T5 Vocabulary,Vocabulary
entitled,sound/entitled.mp3,Adjective,individuals who feel **entitled** to pass judgement,自认为有权的／自認為有權的,S10 P1,B2/T-2,BadScience,DSEPastPaper1 BadScience 2024 B2 T5 Vocabulary,Vocabulary
gaping,sound/gaping.mp3,Adjective,The hole in our culture is **gaping**,巨大的／巨大的,S13 P1,C1/T-3,BadScience,DSEPastPaper1 BadScience 2024 B2 T5 Vocabulary,Vocabulary
bombarded,sound/bombarded.mp3,Verb,we are repeatedly **bombarded** with claims,被轰炸／被轟炸,S15 P1,B2/T-2,BadScience,DSEPastPaper1 BadScience 2024 B2 T5 Vocabulary,Vocabulary
sciencey-sounding,sound/sciencey-sounding.mp3,Adjective,repeatedly **sciencey-sounding** claims,听起来像科学的／聽起來像科學的,S15 P1,C2/T-3,BadScience,DSEPastPaper1 BadScience 2024 B2 T5 Vocabulary,Vocabulary
witness,sound/witness.mp3,Verb,bearing reliable **witness** to the evidence,作证／作證,S16 P1,C1/T-3,BadScience,DSEPastPaper1 BadScience 2024 B2 T5 Vocabulary,Vocabulary
patronising,sound/patronising.mp3,Adjective,you may find going through these steps **patronising**,居高临下的／居高臨下的,S18 P1,C1/T-3,BadScience,DSEPastPaper1 BadScience 2024 B2 T5 Vocabulary,Vocabulary
absurd,sound/absurd.mp3,Adjective,The examples we look at are certainly **absurd**,荒谬的／荒謬的,S18 P1,B2/T-2,BadScience,DSEPastPaper1 BadScience 2024 B2 T5 Vocabulary,Vocabulary
pseudo-science,sound/pseudo-science.mp3,Noun,Wikipedia declares it as a **pseudo-science**,伪科学／偽科學,S20 P1,B2/T-2,BadScience,DSEPastPaper1 BadScience 2024 B2 T5 Vocabulary,Vocabulary
intervention,sound/intervention.mp3,Noun,any **intervention** is more effective,干预／干預,S21 P1,B2/T-2,BadScience,DSEPastPaper1 BadScience 2024 B2 T5 Vocabulary,Vocabulary
nutritionists,sound/nutritionists.mp3,Noun,therapists claim to be **nutritionists**,营养学家／營養學家,S22 P1,B2/T-2,BadScience,DSEPastPaper1 BadScience 2024 B2 T5 Vocabulary,Vocabulary
grain,sound/grain.mp3,Noun,have a **grain** of science to them,一点儿／一點兒,S23 P1,C2/T-3,BadScience,DSEPastPaper1 BadScience 2024 B2 T5 Vocabulary,Vocabulary
rhetorical,sound/rhetorical.mp3,Adjective,the **rhetorical** slights of hand,修辞的／修辭的,S24 P1,C1/T-3,BadScience,DSEPastPaper1 BadScience 2024 B2 T5 Vocabulary,Vocabulary
amateurish,sound/amateurish.mp3,Adjective,**amateurish** errors,业余水平的／業餘水平的,S24 P1,C1/T-3,BadScience,DSEPastPaper1 BadScience 2024 B2 T5 Vocabulary,Vocabulary
medicalise,sound/medicalise.mp3,Verb,**medicalise** social problems,医学化／醫學化,S25 P1,C2/T-3,BadScience,DSEPastPaper1 BadScience 2024 B2 T5 Vocabulary,Vocabulary
reductionist,sound/reductionist.mp3,Adjective,"a **reductionist**, biomedical framework",还原论的／還原論的,S25 P1,C2/T-3,BadScience,DSEPastPaper1 BadScience 2024 B2 T5 Vocabulary,Vocabulary
commodifiable,sound/commodifiable.mp3,Adjective,**commodifiable** solutions,可商品化的／可商品化的,S25 P1,C2/T-3,BadScience,DSEPastPaper1 BadScience 2024 B2 T5 Vocabulary,Vocabulary
faddish,sound/faddish.mp3,Adjective,pills and **faddish** diets,赶时髦的／趕時髦的,S25 P1,C1/T-3,BadScience,DSEPastPaper1 BadScience 2024 B2 T5 Vocabulary,Vocabulary
vanguard,sound/vanguard.mp3,Noun,a **vanguard** of startling wrongness,先锋／先鋒,S26 P1,C2/T-3,BadScience,DSEPastPaper1 BadScience 2024 B2 T5 Vocabulary,Vocabulary
startling,sound/startling.mp3,Adjective,**startling** wrongness,惊人的／驚人的,S26 P1,B2/T-2,BadScience,DSEPastPaper1 BadScience 2024 B2 T5 Vocabulary,Vocabulary
grotesque,sound/grotesque.mp3,Adjective,**grotesque** extremes,怪诞的／怪誕的,S28 P1,C1/T-3,BadScience,DSEPastPaper1 BadScience 2024 B2 T5 Vocabulary,Vocabulary
prevalent,sound/prevalent.mp3,Adjective,incredible **prevalent** this stuff is,普遍的／普遍的,S29 P1,C1/T-3,BadScience,DSEPastPaper1 BadScience 2024 B2 T5 Vocabulary,Vocabulary
flair,sound/flair.mp3,Noun,wrong with a lot more **flair**,风格／風格,S30 P1,C1/T-3,BadScience,DSEPastPaper1 BadScience 2024 B2 T5 Vocabulary,Vocabulary
clipped,sound/clipped.mp3,Adjective,speak in **clipped** sentences,短促的／短促的,S2 P1,B2/T-2,MichelleObama,DSEPastPaper1 MichelleObama 2023 B2 T4 Vocabulary,Vocabulary
infectious,sound/infectious.mp3,Adjective,an **infectious** smile,有感染力的／有感染力的,S2 P1,B2/T-2,MichelleObama,DSEPastPaper1 MichelleObama 2023 B2 T4 Vocabulary,Vocabulary
wry,sound/wry.mp3,Adjective,a **wry** laugh,嘲讽的／嘲諷的,S2 P1,C1/T-3,MichelleObama,DSEPastPaper1 MichelleObama 2023 B2 T4 Vocabulary,Vocabulary
limelight,sound/limelight.mp3,Noun,doesn’t need the **limelight**,聚光灯／聚光燈,S2 P1,C1/T-3,MichelleObama,DSEPastPaper1 MichelleObama 2023 B2 T4 Vocabulary,Vocabulary
lectured,sound/lectured.mp3,Verb,listened more than she **lectured**,说教／說教,S4 P1,B2/T-2,MichelleObama,DSEPastPaper1 MichelleObama 2023 B2 T4 Vocabulary,Vocabulary
chide,sound/chide.mp3,Verb,didn’t **chide** me,责备／責備,S5 P1,C1/T-3,MichelleObama,DSEPastPaper1 MichelleObama 2023 B2 T4 Vocabulary,Vocabulary
ornery,sound/ornery.mp3,Adjective,my **ornery** grandfather,脾气坏的／脾氣壞的,S5 P1,C2/T-3,MichelleObama,DSEPastPaper1 MichelleObama 2023 B2 T4 Vocabulary,Vocabulary
contentious,sound/contentious.mp3,Adjective,my **contentious** piano lessons,争吵的／爭吵的,S6 P1,C1/T-3,MichelleObama,DSEPastPaper1 MichelleObama 2023 B2 T4 Vocabulary,Vocabulary
negligent,sound/negligent.mp3,Adjective,bordering on **negligent**,疏忽的／疏忽的,S7 P1,C1/T-3,MichelleObama,DSEPastPaper1 MichelleObama 2023 B2 T4 Vocabulary,Vocabulary
roost,sound/roost.mp3,Noun,rule the **roost**,鸡窝／雞窩,S7 P1,C2/T-3,MichelleObama,DSEPastPaper1 MichelleObama 2023 B2 T4 Vocabulary,Vocabulary
wholly,sound/wholly.mp3,Adverb,**wholly** invested,完全地／完全地,S8 P1,C1/T-3,MichelleObama,DSEPastPaper1 MichelleObama 2023 B2 T4 Vocabulary,Vocabulary
durable,sound/durable.mp3,Adjective,deep and **durable** foundation,持久的／持久的,S8 P1,C1/T-3,MichelleObama,DSEPastPaper1 MichelleObama 2023 B2 T4 Vocabulary,Vocabulary
flames,sound/flames.mp3,Noun,girls with **flames**,火焰／火焰,S9 P1,B2/T-2,MichelleObama,DSEPastPaper1 MichelleObama 2023 B2 T4 Vocabulary,Vocabulary
dim,sound/dim.mp3,Verb,try to **dim**,使暗淡／使暗淡,S9 P1,B2/T-2,MichelleObama,DSEPastPaper1 MichelleObama 2023 B2 T4 Vocabulary,Vocabulary
upright,sound/upright.mp3,Adjective,Robbie’s **upright** piano,竖式的／豎式的,S11 P1,B2/T-2,MichelleObama,DSEPastPaper1 MichelleObama 2023 B2 T4 Vocabulary,Vocabulary
scales,sound/scales.mp3,Noun,pick up the **scales**,音阶／音階,S11 P1,B2/T-2,MichelleObama,DSEPastPaper1 MichelleObama 2023 B2 T4 Vocabulary,Vocabulary
sight-reading,sound/sight-reading.mp3,Noun,**sight-reading** worksheets,视奏／視奏,S11 P1,C1/T-3,MichelleObama,DSEPastPaper1 MichelleObama 2023 B2 T4 Vocabulary,Vocabulary
correlation,sound/correlation.mp3,Noun,encouraging **correlation**,相关性／相關性,S12 P1,C1/T-3,MichelleObama,DSEPastPaper1 MichelleObama 2023 B2 T4 Vocabulary,Vocabulary
buzzy,sound/buzzy.mp3,Adjective,a **buzzy** satisfaction,兴奋的／興奮的,S12 P1,C2/T-3,MichelleObama,DSEPastPaper1 MichelleObama 2023 B2 T4 Vocabulary,Vocabulary
unpurse,sound/unpurse.mp3,Verb,lips would **unpurse**,松开／鬆開,S13 P1,C2/T-3,MichelleObama,DSEPastPaper1 MichelleObama 2023 B2 T4 Vocabulary,Vocabulary
honeymoon,sound/honeymoon.mp3,Noun,our **honeymoon** phase,蜜月／蜜月,S14 P1,B2/T-2,MichelleObama,DSEPastPaper1 MichelleObama 2023 B2 T4 Vocabulary,Vocabulary
reverent,sound/reverent.mp3,Adjective,more **reverent**,恭敬的／恭敬的,S14 P1,C1/T-3,MichelleObama,DSEPastPaper1 MichelleObama 2023 B2 T4 Vocabulary,Vocabulary
peek,sound/peek.mp3,Verb,started **peeking** ahead,偷看／偷看,S15 P1,B2/T-2,MichelleObama,DSEPastPaper1 MichelleObama 2023 B2 T4 Vocabulary,Vocabulary
debut,sound/debut.mp3,Verb,proudly **debuted**,首次演出／首次演出,S16 P1,C1/T-3,MichelleObama,DSEPastPaper1 MichelleObama 2023 B2 T4 Vocabulary,Vocabulary
vicious,sound/vicious.mp3,Adjective,a **vicious** “Good night!”,恶毒的／惡毒的,S16 P1,C1/T-3,MichelleObama,DSEPastPaper1 MichelleObama 2023 B2 T4 Vocabulary,Vocabulary
chew out,sound/chew out.mp3,Verb,got **chewed out**,严厉责骂／嚴厲責罵,S17 P1,C2/T-3,MichelleObama,DSEPastPaper1 MichelleObama 2023 B2 T4 Vocabulary,Vocabulary
treason,sound/treason.mp3,Noun,crime approaching **treason**,叛国罪／叛國罪,S17 P1,C2/T-3,MichelleObama,DSEPastPaper1 MichelleObama 2023 B2 T4 Vocabulary,Vocabulary
chastened,sound/chastened.mp3,Adjective,Nor was I **chastened**,被惩戒的／被懲戒的,S18 P1,C1/T-3,MichelleObama,DSEPastPaper1 MichelleObama 2023 B2 T4 Vocabulary,Vocabulary
lawyerly,sound/lawyerly.mp3,Adjective,I was **lawyerly**,像律师的／像律師的,S19 P1,C2/T-3,MichelleObama,DSEPastPaper1 MichelleObama 2023 B2 T4 Vocabulary,Vocabulary
dictatorial,sound/dictatorial.mp3,Adjective,veered toward **dictatorial**,专横的／專橫的,S19 P1,C1/T-3,MichelleObama,DSEPastPaper1 MichelleObama 2023 B2 T4 Vocabulary,Vocabulary
epic,sound/epic.mp3,Adjective,lessons became **epic**,史诗般的／史詩般的,S22 P1,B2/T-2,MichelleObama,DSEPastPaper1 MichelleObama 2023 B2 T4 Vocabulary,Vocabulary
trying,sound/trying.mp3,Adjective,"**trying**, largely due to",令人沮丧的／令人沮喪的,S22 P1,B2/T-2,MichelleObama,DSEPastPaper1 MichelleObama 2023 B2 T4 Vocabulary,Vocabulary
freewheeling,sound/freewheeling.mp3,Adjective,my **freewheeling** approach,随心所欲的／隨心所欲的,S23 P1,C1/T-3,MichelleObama,DSEPastPaper1 MichelleObama 2023 B2 T4 Vocabulary,Vocabulary
seething,sound/seething.mp3,Adjective,still **seething**,愤怒的／憤怒的,S25 P1,C1/T-3,MichelleObama,DSEPastPaper1 MichelleObama 2023 B2 T4 Vocabulary,Vocabulary
intervene,sound/intervene.mp3,Verb,weren’t ones to **intervene**,干预／干預,S26 P1,C1/T-3,MichelleObama,DSEPastPaper1 MichelleObama 2023 B2 T4 Vocabulary,Vocabulary
bolster,sound/bolster.mp3,Verb,listen and **bolster**,支持／支持,S26 P1,C1/T-3,MichelleObama,DSEPastPaper1 MichelleObama 2023 B2 T4 Vocabulary,Vocabulary
arcane,sound/arcane.mp3,Adjective,every **arcane** rule,神秘的／神秘的,S28 P1,C1/T-3,MichelleObama,DSEPastPaper1 MichelleObama 2023 B2 T4 Vocabulary,Vocabulary
feistiness,sound/feistiness.mp3,Noun,appreciated my **feistiness**,好斗／好鬥,S29 P1,C2/T-3,MichelleObama,DSEPastPaper1 MichelleObama 2023 B2 T4 Vocabulary,Vocabulary
artificial,sound/artificial.mp3,Adjective,**Artificial** intelligence…,(人造的/人造的),S1 P1,A2/T-1,AI,DSEPastPaper1 AI 2022 B2 T4 Vocabulary,Vocabulary
engine,sound/engine.mp3,Noun,…been the **engine** of high-level STEM research…,(引擎/引擎),S1 P1,B1/T-2,AI,DSEPastPaper1 AI 2022 B2 T4 Vocabulary,Vocabulary
array,sound/array.mp3,Noun,…a vast **array** of industries…,(大量/大量),S2 P1,B2/T-2,AI,DSEPastPaper1 AI 2022 B2 T4 Vocabulary,Vocabulary
temper,sound/temper.mp3,Verb,…promise … has been **tempered**…,(緩和/缓和),S3 P1,C1/T-3,AI,DSEPastPaper1 AI 2022 B2 T4 Vocabulary,Vocabulary
societal,sound/societal.mp3,Adjective,…more **societal** harm…,(社會的/社会的),S3 P1,B2/T-2,AI,DSEPastPaper1 AI 2022 B2 T4 Vocabulary,Vocabulary
encode,sound/encode.mp3,Verb,…programmes are not **encoded** with structural biases…,(編碼/编码),S4 P1,B2/T-2,AI,DSEPastPaper1 AI 2022 B2 T4 Vocabulary,Vocabulary
hybrid,sound/hybrid.mp3,Adjective,…'**hybrid**' jobs…,(混合的/混合的),S6 P1,B1/T-2,AI,DSEPastPaper1 AI 2022 B2 T4 Vocabulary,Vocabulary
implementation,sound/implementation.mp3,Noun,…by the **implementation** of AI…,(實施/实施),S7 P1,B2/T-2,AI,DSEPastPaper1 AI 2022 B2 T4 Vocabulary,Vocabulary
hamper,sound/hamper.mp3,Verb,Rather than **hampering** small businesses…,(阻礙/阻碍),S7 P1,B2/T-2,AI,DSEPastPaper1 AI 2022 B2 T4 Vocabulary,Vocabulary
loom,sound/loom.mp3,Verb,…where problem areas might **loom***…,(隱現/隐现),S8 P1,C1/T-3,AI,DSEPastPaper1 AI 2022 B2 T4 Vocabulary,Vocabulary
algorithmic,sound/algorithmic.mp3,Adjective,…**algorithmic** decision-making…,(演算法的/演算法的),S11 P1,B2/T-2,AI,DSEPastPaper1 AI 2022 B2 T4 Vocabulary,Vocabulary
prejudice,sound/prejudice.mp3,Noun,…prejudices of programme developers…,(偏見/偏见),S11 P1,B2/T-2,AI,DSEPastPaper1 AI 2022 B2 T4 Vocabulary,Vocabulary
riddle,sound/riddle.mp3,Verb,…have always been **riddled** with…,(充滿/充满),S13 P1,C1/T-3,AI,DSEPastPaper1 AI 2022 B2 T4 Vocabulary,Vocabulary
calibrate,sound/calibrate.mp3,Verb,…When **calibrated** carefully…,(校準/校准),S14 P1,C1/T-3,AI,DSEPastPaper1 AI 2022 B2 T4 Vocabulary,Vocabulary
gatekeeper,sound/gatekeeper.mp3,Noun,…human **gatekeepers**…,(把關者/把关者),S14 P1,B2/T-2,AI,DSEPastPaper1 AI 2022 B2 T4 Vocabulary,Vocabulary
confer,sound/confer.mp3,Verb,…it ***confers*** … scientific credibility…,(授予/授予),S15 P1,C1/T-3,AI,DSEPastPaper1 AI 2022 B2 T4 Vocabulary,Vocabulary
credibility,sound/credibility.mp3,Noun,…scientific ***credibility***…,(可信度/可信度),S15 P1,B2/T-2,AI,DSEPastPaper1 AI 2022 B2 T4 Vocabulary,Vocabulary
redlining,sound/redlining.mp3,Noun,…end up with ***redlining*** again…,(紅線歧視/红线歧视),S18 P1,C1/T-3,AI,DSEPastPaper1 AI 2022 B2 T4 Vocabulary,Vocabulary
ubiquity,sound/ubiquity.mp3,Noun,…expected ***ubiquity***…,(無處不在/无处不在),S21 P1,C1/T-3,AI,DSEPastPaper1 AI 2022 B2 T4 Vocabulary,Vocabulary
self-police,sound/self-police.mp3,Verb,…largely ***self-police***…,(自我約束/自我约束),S22 P1,C1/T-3,AI,DSEPastPaper1 AI 2022 B2 T4 Vocabulary,Vocabulary
liability,sound/liability.mp3,Noun,…potential ***liability*** from misuse…,(責任/责任),S24 P1,B2/T-2,AI,DSEPastPaper1 AI 2022 B2 T4 Vocabulary,Vocabulary
overarching,sound/overarching.mp3,Adjective,…the ***overarching*** technology…,(總體的/总体的),S27 P1,C1/T-3,AI,DSEPastPaper1 AI 2022 B2 T4 Vocabulary,Vocabulary
undermine,sound/undermine.mp3,Verb,…rather than ***undermine*** a decent civic life…,(破壞/破坏),S29 P1,B2/T-2,AI,DSEPastPaper1 AI 2022 B2 T4 Vocabulary,Vocabulary
ethicist,sound/ethicist.mp3,Noun,…a debate among **ethicists**…,(倫理學家/伦理学家),S1 P1,C1/T-3,Terraforming,DSEPastPaper1 Terraforming 2021 B2 T8 Vocabulary,Vocabulary
endeavour,sound/endeavour.mp3,Noun,…are ethical **endeavours**?,(努力/事业),S1 P1,C1/T-3,Terraforming,DSEPastPaper1 Terraforming 2021 B2 T8 Vocabulary,Vocabulary
captivate,sound/captivate.mp3,Verb,…have been **captivated** by…,(迷住/迷住),S1 P1,B2/T-2,Terraforming,DSEPastPaper1 Terraforming 2021 B2 T8 Vocabulary,Vocabulary
contamination,sound/contamination.mp3,Noun,…with biological **contamination**…,(污染/污染),S3 P1,B2/T-2,Terraforming,DSEPastPaper1 Terraforming 2021 B2 T8 Vocabulary,Vocabulary
terrestrial,sound/terrestrial.mp3,Adjective,…introduction of **terrestrial** life forms…,(地球的/地球的),S3 P1,C1/T-3,Terraforming,DSEPastPaper1 Terraforming 2021 B2 T8 Vocabulary,Vocabulary
ecological,sound/ecological.mp3,Adjective,…an **ecological** disaster…,(生態的/生态的),S3 P1,B2/T-2,Terraforming,DSEPastPaper1 Terraforming 2021 B2 T8 Vocabulary,Vocabulary
intervention,sound/intervention.mp3,Noun,…benefitted from our **intervention**…,(干預/干预),S5 P1,B2/T-2,Terraforming,DSEPastPaper1 Terraforming 2021 B2 T8 Vocabulary,Vocabulary
haven,sound/haven.mp3,Noun,…create **havens** for nature…,(避風港/避风港),S5 P1,B2/T-2,Terraforming,DSEPastPaper1 Terraforming 2021 B2 T8 Vocabulary,Vocabulary
flora,sound/flora.mp3,Noun,…maintain the **flora**…,(植物群/植物群),S5 P1,C1/T-3,Terraforming,DSEPastPaper1 Terraforming 2021 B2 T8 Vocabulary,Vocabulary
fauna,sound/fauna.mp3,Noun,…and **fauna**…,(動物群/动物群),S5 P1,C1/T-3,Terraforming,DSEPastPaper1 Terraforming 2021 B2 T8 Vocabulary,Vocabulary
bar,sound/bar.mp3,Verb,…would **bar** the landing…,(禁止/禁止),S7 P1,B2/T-2,Terraforming,DSEPastPaper1 Terraforming 2021 B2 T8 Vocabulary,Vocabulary
microorganism,sound/microorganism.mp3,Noun,…***microorganisms*** can be spread…,(微生物/微生物),S9 P1,B2/T-2,Terraforming,DSEPastPaper1 Terraforming 2021 B2 T8 Vocabulary,Vocabulary
aesthetic,sound/aesthetic.mp3,Adjective,…safeguard the **aesthetic** qualities…,(美學的/美学的),S9 P1,C1/T-3,Terraforming,DSEPastPaper1 Terraforming 2021 B2 T8 Vocabulary,Vocabulary
intrinsic,sound/intrinsic.mp3,Adjective,…have **intrinsic** moral worth…,(內在的/内在的),S13 P1,C1/T-3,Terraforming,DSEPastPaper1 Terraforming 2021 B2 T8 Vocabulary,Vocabulary
grapple,sound/grapple.mp3,Verb,…While we ***grapple*** with…,(努力解決/努力解决),S15 P1,C1/T-3,Terraforming,DSEPastPaper1 Terraforming 2021 B2 T8 Vocabulary,Vocabulary
endemic,sound/endemic.mp3,Adjective,…destroy **endemic** ecosystems…,(本地的/本地的),S15 P1,C1/T-3,Terraforming,DSEPastPaper1 Terraforming 2021 B2 T8 Vocabulary,Vocabulary
meddling,sound/meddling.mp3,Noun,…spared from our ***meddling***…,(干涉/干涉),S17 P1,B2/T-2,Terraforming,DSEPastPaper1 Terraforming 2021 B2 T8 Vocabulary,Vocabulary
terraforming,sound/terraforming.mp3,Noun,The process … is called **terraforming**.,(地球化/地球化),S1 P2,C1/T-3,Terraforming,DSEPastPaper1 Terraforming 2021 B2 T7 Vocabulary,Vocabulary
habitable,sound/habitable.mp3,Adjective,…create a more **habitable** living environment…,(適合居住的/适合居住的),S1 P2,B2/T-2,Terraforming,DSEPastPaper1 Terraforming 2021 B2 T7 Vocabulary,Vocabulary
undertaking,sound/undertaking.mp3,Noun,…would be a huge **undertaking**…,(事業/事业),S2 P1,B2/T-2,Terraforming,DSEPastPaper1 Terraforming 2021 B2 T7 Vocabulary,Vocabulary
millennia,sound/millennia.mp3,Noun,…needing several **millennia**…,(數千年/数千年),S2 P1,C1/T-3,Terraforming,DSEPastPaper1 Terraforming 2021 B2 T7 Vocabulary,Vocabulary
interval,sound/interval.mp3,Noun,…a brief **interval**…,(間隔/间隔),S2 P1,B2/T-2,Terraforming,DSEPastPaper1 Terraforming 2021 B2 T7 Vocabulary,Vocabulary
flourish,sound/flourish.mp3,Verb,…plants and animals could **flourish**…,(繁茂/繁茂),S2 P1,B2/T-2,Terraforming,DSEPastPaper1 Terraforming 2021 B2 T7 Vocabulary,Vocabulary
unrelenting,sound/unrelenting.mp3,Adjective,…require **unrelenting** scientific ingenuity…,(不懈的/不懈的),S2 P1,C1/T-3,Terraforming,DSEPastPaper1 Terraforming 2021 B2 T7 Vocabulary,Vocabulary
ingenuity,sound/ingenuity.mp3,Noun,…scientific **ingenuity**…,(獨創性/独创性),S2 P1,C1/T-3,Terraforming,DSEPastPaper1 Terraforming 2021 B2 T7 Vocabulary,Vocabulary
expenditure,sound/expenditure.mp3,Noun,…enormous capital **expenditure**…,(支出/支出),S2 P1,B2/T-2,Terraforming,DSEPastPaper1 Terraforming 2021 B2 T7 Vocabulary,Vocabulary
interrelated,sound/interrelated.mp3,Adjective,…three **interrelated** processes…,(相互關聯的/相互关联的),S3 P1,B2/T-2,Terraforming,DSEPastPaper1 Terraforming 2021 B2 T7 Vocabulary,Vocabulary
trap,sound/trap.mp3,Verb,…carbon dioxide is **trapped** as ice…,(被困住/被困住),S3 P1,B1/T-2,Terraforming,DSEPastPaper1 Terraforming 2021 B2 T7 Vocabulary,Vocabulary
ferry,sound/ferry.mp3,Verb,…would have to be **ferried** to Mars…,(運送/运送),S5 P1,B2/T-2,Terraforming,DSEPastPaper1 Terraforming 2021 B2 T7 Vocabulary,Vocabulary
lightweight,sound/lightweight.mp3,Adjective,…they would have to be **lightweight**…,(輕便的/轻便的),S5 P1,B1/T-2,Terraforming,DSEPastPaper1 Terraforming 2021 B2 T7 Vocabulary,Vocabulary
mimic,sound/mimic.mp3,Verb,…to **mimic** the natural process…,(模仿/模仿),S6 P1,B2/T-2,Terraforming,DSEPastPaper1 Terraforming 2021 B2 T7 Vocabulary,Vocabulary
photosynthesis,sound/photosynthesis.mp3,Noun,…of plant **photosynthesis**…,(光合作用/光合作用),S6 P1,B2/T-2,Terraforming,DSEPastPaper1 Terraforming 2021 B2 T7 Vocabulary,Vocabulary
oxygenate,sound/oxygenate.mp3,Verb,…slowly be **oxygenated**…,(充氧/充氧),S7 P1,C1/T-3,Terraforming,DSEPastPaper1 Terraforming 2021 B2 T7 Vocabulary,Vocabulary
apparatus,sound/apparatus.mp3,Noun,…a breathing-assistance **apparatus**…,(裝置/装置),S7 P1,B2/T-2,Terraforming,DSEPastPaper1 Terraforming 2021 B2 T7 Vocabulary,Vocabulary
immortal,sound/immortal.mp3,Adjective,…uttered these **immortal** words…,(不朽的/不朽的),S1 P1,B2/T-2,Terraforming,DSEPastPaper1 Terraforming 2021 B2 T6 Vocabulary,Vocabulary
propel,sound/propel.mp3,Verb,…**propelled** the human race…,(推動/推动),S1 P1,B2/T-2,Terraforming,DSEPastPaper1 Terraforming 2021 B2 T6 Vocabulary,Vocabulary
intrepid,sound/intrepid.mp3,Adjective,…**intrepid** explorers of space…,(無畏的/无畏的),S1 P1,C1/T-3,Terraforming,DSEPastPaper1 Terraforming 2021 B2 T6 Vocabulary,Vocabulary
culmination,sound/culmination.mp3,Noun,…the **culmination** of human dreams…,(頂峰/顶峰),S2 P1,C1/T-3,Terraforming,DSEPastPaper1 Terraforming 2021 B2 T6 Vocabulary,Vocabulary
gaze,sound/gaze.mp3,Verb,…first **gazed** in fear and wonder…,(凝視/凝视),S2 P1,B2/T-2,Terraforming,DSEPastPaper1 Terraforming 2021 B2 T6 Vocabulary,Vocabulary
galaxy,sound/galaxy.mp3,Noun,…all we can about our **galaxy**…,(星系/星系),S2 P1,B1/T-2,Terraforming,DSEPastPaper1 Terraforming 2021 B2 T6 Vocabulary,Vocabulary
improbable,sound/improbable.mp3,Adjective,"…the **improbable** 400,000-kilometre journey…",(難以置信的/难以置信的),S3 P1,B2/T-2,Terraforming,DSEPastPaper1 Terraforming 2021 B2 T6 Vocabulary,Vocabulary
celestial,sound/celestial.mp3,Adjective,…our nearest **celestial** neighbour…,(天上的/天上的),S3 P1,C1/T-3,Terraforming,DSEPastPaper1 Terraforming 2021 B2 T6 Vocabulary,Vocabulary
cramped,sound/cramped.mp3,Adjective,"…tiny, **cramped** and fragile…",(狹窄的/狭窄的),S3 P1,B1/T-2,Terraforming,DSEPastPaper1 Terraforming 2021 B2 T6 Vocabulary,Vocabulary
miracle,sound/miracle.mp3,Noun,…a modern-day **miracle**…,(奇蹟/奇迹),S4 P1,A2/T-1,Terraforming,DSEPastPaper1 Terraforming 2021 B2 T6 Vocabulary,Vocabulary
half-wit,sound/half-wit.mp3,Noun,…being the class **half-wit**…,(笨蛋/笨蛋),S1 P1,B2/T-2,CliveJames,DSEPastPaper1 CliveJames 2019 SB2 T5 Vocabulary,Vocabulary
smart-alec,sound/smart-alec.mp3,Noun,…became class **smart-alec** instead.,(自以為是的人/自以为是的人),S1 P1,C1/T-3,CliveJames,DSEPastPaper1 CliveJames 2019 SB2 T5 Vocabulary,Vocabulary
accusation,sound/accusation.mp3,Noun,…attracted **accusations** of being teacher's pet…,(指責/指责),S1 P1,B2/T-2,CliveJames,DSEPastPaper1 CliveJames 2019 SB2 T5 Vocabulary,Vocabulary
alas,sound/alas.mp3,Adverb,"It was true, **alas**…",(唉/唉),S1 P1,C1/T-3,CliveJames,DSEPastPaper1 CliveJames 2019 SB2 T5 Vocabulary,Vocabulary
caned,sound/caned.mp3,Verb,…who was **caned** regularly…,(用藤條打/用藤条打),S2 P1,B2/T-2,CliveJames,DSEPastPaper1 CliveJames 2019 SB2 T5 Vocabulary,Vocabulary
transgression,sound/transgression.mp3,Noun,…for more serious **transgressions**…,(過錯/过错),S2 P1,C1/T-3,CliveJames,DSEPastPaper1 CliveJames 2019 SB2 T5 Vocabulary,Vocabulary
stroke,sound/stroke.mp3,Noun,…up to four **strokes** of the cane…,(抽打/抽打),S2 P1,B2/T-2,CliveJames,DSEPastPaper1 CliveJames 2019 SB2 T5 Vocabulary,Vocabulary
recapture,sound/recapture.mp3,Verb,…had to be **recaptured** after each stroke…,(重新抓住/重新抓住),S3 P1,B2/T-2,CliveJames,DSEPastPaper1 CliveJames 2019 SB2 T5 Vocabulary,Vocabulary
howling,sound/howling.mp3,Adjective,Thommo was led **howling** away…,(嚎叫的/嚎叫的),S4 P1,B1/T-2,CliveJames,DSEPastPaper1 CliveJames 2019 SB2 T5 Vocabulary,Vocabulary
heather,sound/heather.mp3,Noun,…beehives on the **heather** moor…,(石南花/石南花),S1 P1,B2/T-2,HeatherHoney,DSEPastPaper1 HandPollination 2018 B2 T6 Vocabulary,Vocabulary
starkly,sound/starkly.mp3,Adverb,…these **starkly** beautiful moors…,(荒涼地/荒凉地),S1 P1,C1/T-3,HeatherHoney,DSEPastPaper1 HandPollination 2018 B2 T6 Vocabulary,Vocabulary
fragrance,sound/fragrance.mp3,Noun,…room-filling **fragrance**…,(香味/香味),S1 P1,B1/T-2,HeatherHoney,DSEPastPaper1 HandPollination 2018 B2 T6 Vocabulary,Vocabulary
gel-like,sound/gel-like.mp3,Adjective,…unique **gel-like** texture…,(凝膠狀的/凝胶状的),S1 P1,B2/T-2,HeatherHoney,DSEPastPaper1 HandPollination 2018 B2 T6 Vocabulary,Vocabulary
tweed,sound/tweed.mp3,Noun,…hairy **tweed** cap…,(粗花呢/粗花呢),S3 P1,B2/T-2,HeatherHoney,DSEPastPaper1 HandPollination 2018 B2 T6 Vocabulary,Vocabulary
barbed,sound/barbed.mp3,Adjective,The **barbed** lancets…,(帶倒刺的/带倒刺的),S4 P1,C1/T-3,HeatherHoney,DSEPastPaper1 HandPollination 2018 B2 T6 Vocabulary,Vocabulary
lancet,sound/lancet.mp3,Noun,…**lancets** dig into the skin…,(刺針/刺针),S4 P1,C1/T-3,HeatherHoney,DSEPastPaper1 HandPollination 2018 B2 T6 Vocabulary,Vocabulary
straggle,sound/straggle.mp3,Verb,…the insect **straggles** towards death…,(蹣跚/蹒跚),S4 P1,C1/T-3,HeatherHoney,DSEPastPaper1 HandPollination 2018 B2 T6 Vocabulary,Vocabulary
apiarist,sound/apiarist.mp3,Noun,The armour of the **apiarist**…,(養蜂人/养蜂人),S5 P1,C1/T-3,HeatherHoney,DSEPastPaper1 HandPollination 2018 B2 T6 Vocabulary,Vocabulary
hessian,sound/hessian.mp3,Noun,…piece of **hessian** sacking…,(粗麻布/粗麻布),S7 P1,C1/T-3,HeatherHoney,DSEPastPaper1 HandPollination 2018 B2 T6 Vocabulary,Vocabulary
bellows,sound/bellows.mp3,Noun,…smoker formed like a pair of miniature **bellows**…,(風箱/风箱),S7 P1,C1/T-3,HeatherHoney,DSEPastPaper1 HandPollination 2018 B2 T6 Vocabulary,Vocabulary
lull,sound/lull.mp3,Verb,The smoke can help **lull** the bees.,(使平靜/使平静),S7 P1,C1/T-3,HeatherHoney,DSEPastPaper1 HandPollination 2018 B2 T6 Vocabulary,Vocabulary
claustrophobic,sound/claustrophobic.mp3,Adjective,The bee-suit is slightly **claustrophobic**…,(令人窒息的/令人窒息的),S9 P1,C1/T-3,HeatherHoney,DSEPastPaper1 HandPollination 2018 B2 T6 Vocabulary,Vocabulary
visceral,sound/visceral.mp3,Adjective,…sudden sight of bees flying onto the net **visor**…,(護面/护面),S9 P1,B1/T-2,HeatherHoney,DSEPastPaper1 HandPollination 2018 B2 T6 Vocabulary,Vocabulary
berserk,sound/berserk.mp3,Adjective,"The bees, in the meantime, go purposefully **berserk**.",(發狂/发狂),S8 P1,B2/T-2,HeatherHoney,DSEPastPaper1 HandPollination 2018 B2 T6 Vocabulary,Vocabulary
zinging,sound/zinging.mp3,Verb,"***Zinging***, small, aggressive atoms…",(嗡嗡飛射/嗡嗡飞射),S8 P1,C1/T-3,HeatherHoney,DSEPastPaper1 HandPollination 2018 B2 T6 Vocabulary,Vocabulary
unrelenting,sound/unrelenting.mp3,Adjective,Their persistence is **unrelenting**.,(不懈的/不懈的),S8 P1,C1/T-3,HeatherHoney,DSEPastPaper1 HandPollination 2018 B2 T6 Vocabulary,Vocabulary
chink,sound/chink.mp3,Noun,…seek the vulnerable **chink***…,(裂縫/裂缝),S9 P1,C1/T-3,HeatherHoney,DSEPastPaper1 HandPollination 2018 B2 T6 Vocabulary,Vocabulary
bracken,sound/bracken.mp3,Noun,…gentle sweeps of **bracken**…,(歐洲蕨/欧洲蕨),S11 P1,C1/T-3,HeatherHoney,DSEPastPaper1 HandPollination 2018 B2 T6 Vocabulary,Vocabulary
pollination,sound/pollination.mp3,Noun,Farmers Resort to Hand **Pollination**,(授粉/授粉),Title,B2/T-2,HandPollination ,DSEPastPaper1 HandPollination 2018 B2 T5 Vocabulary,Vocabulary
blossom,sound/blossom.mp3,Noun,…went from **blossom** to blossom…,(花朵/花朵),S5 P2,B1/T-2,HandPollination ,DSEPastPaper1 HandPollination 2018 B2 T5 Vocabulary,Vocabulary
pollen,sound/pollen.mp3,Noun,…to spread **pollen**…,(花粉/花粉),S5 P2,B1/T-2,HandPollination ,DSEPastPaper1 HandPollination 2018 B2 T5 Vocabulary,Vocabulary
shocker,sound/shocker.mp3,Noun,What they learned was a **shocker**.,(令人震驚的事/令人震惊的事),S7 P1,C1/T-3,HandPollination ,DSEPastPaper1 HandPollination 2018 B2 T5 Vocabulary,Vocabulary
cross-pollination,sound/cross-pollination.mp3,Noun,…performed **cross-pollination** more efficiently…,(異花授粉/异花授粉),S7 P1,C1/T-3,HandPollination ,DSEPastPaper1 HandPollination 2018 B2 T5 Vocabulary,Vocabulary
dependable,sound/dependable.mp3,Adjective,"Bees, you should know, are less **dependable**.",(可靠的/可靠的),S7 P1,B1/T-2,HandPollination ,DSEPastPaper1 HandPollination 2018 B2 T5 Vocabulary,Vocabulary
critter,sound/critter.mp3,Noun,…there are some **critters** we humans don't really need…,(小生物/小生物),S9 P1,B2/T-2,HandPollination ,DSEPastPaper1 HandPollination 2018 B2 T5 Vocabulary,Vocabulary
hung up,sound/hung up.mp3,Adjective,…let's not get **hung up** on biological diversity…,(糾結/纠结),S9 P1,C1/T-3,HandPollination ,DSEPastPaper1 HandPollination 2018 B2 T5 Vocabulary,Vocabulary
biologically shrunken,sound/biologically shrunken.mp3,Adjective,…a **biologically shrunken** world.,(生物縮減的/生物缩减的),S9 P1,C1/T-3,HandPollination ,DSEPastPaper1 HandPollination 2018 B2 T5 Vocabulary,Vocabulary
conservationist,sound/conservationist.mp3,Noun,The **conservationists** said…,(環保主義者/环保主义者),S11 P1,B2/T-2,HandPollination ,DSEPastPaper1 HandPollination 2018 B2 T5 Vocabulary,Vocabulary
logic,sound/logic.mp3,Noun,…the **logic** of the market…,(邏輯/逻辑),S11 P1,B1/T-2,HandPollination ,DSEPastPaper1 HandPollination 2018 B2 T5 Vocabulary,Vocabulary
coin,sound/coin.mp3,Verb,…are widely credited with **coining** the term 'Millennial Generation'…,(創造/创造),S1 P1,C1/T-3,Millennials ,DSEPastPaper1 FoodTMillennials 2017 SB2 T5 Vocabulary,Vocabulary
landmark,sound/landmark.mp3,Adjective,…their **landmark** research on generational types…,(里程碑式的/里程碑式的),S1 P1,C1/T-3,Millennials ,DSEPastPaper1 FoodTMillennials 2017 SB2 T5 Vocabulary,Vocabulary
complementary,sound/complementary.mp3,Adjective,…are **complementary**…,(互補的/互补的),S1 P1,B2/T-2,Millennials ,DSEPastPaper1 FoodTMillennials 2017 SB2 T5 Vocabulary,Vocabulary
foist,sound/foist.mp3,Verb,…not because childbearing was **foisted** upon them.,(強加於/强加于),S4 P1,C1/T-3,Millennials ,DSEPastPaper1 FoodTMillennials 2017 SB2 T5 Vocabulary,Vocabulary
ubiquitous,sound/ubiquitous.mp3,Adjective,…the **ubiquitous** 'Baby On Board' car bumper stickers.,(無處不在的/无处不在的),S4 P1,C1/T-3,Millennials ,DSEPastPaper1 FoodTMillennials 2017 SB2 T5 Vocabulary,Vocabulary
catalyst,sound/catalyst.mp3,Noun,…as the **catalyst** for this characteristic…,(催化劑/催化剂),S4 P1,C1/T-3,Millennials ,DSEPastPaper1 FoodTMillennials 2017 SB2 T5 Vocabulary,Vocabulary
wholeheartedly,sound/wholeheartedly.mp3,Adverb,…they embrace this specialness **wholeheartedly**.,(全心全意地/全心全意地),S3 P1,B2/T-2,Millennials ,DSEPastPaper1 FoodTMillennials 2017 SB2 T5 Vocabulary,Vocabulary
exuberant,sound/exuberant.mp3,Adjective,…their **exuberant** confidence…,(洋溢的/洋溢的),S6 P1,C1/T-3,Millennials ,DSEPastPaper1 FoodTMillennials 2017 SB2 T5 Vocabulary,Vocabulary
flaunt,sound/flaunt.mp3,Verb,…more likely to **flaunt** society's conventions.,(炫耀無視/炫耀无视),S5 P1,C1/T-3,Millennials ,DSEPastPaper1 FoodTMillennials 2017 SB2 T5 Vocabulary,Vocabulary
crushing,sound/crushing.mp3,Adjective,…producing **crushing** disappointment.,(沉重的/沉重的),S7 P1,B2/T-2,Millennials ,DSEPastPaper1 FoodTMillennials 2017 SB2 T5 Vocabulary,Vocabulary
safety net,sound/safety net.mp3,Noun,…provided **safety nets** for failure…,(安全網/安全网),S7 P1,B2/T-2,Millennials ,DSEPastPaper1 FoodTMillennials 2017 SB2 T5 Vocabulary,Vocabulary
multi-tasking,sound/multi-tasking.mp3,Noun,…the practice of **multi-tasking**…,(多任務處理/多任务处理),S6 P2,B2/T-2,Millennials ,DSEPastPaper1 FoodTMillennials 2017 SB2 T5 Vocabulary,Vocabulary
natives,sound/natives.mp3,Noun,Millennials are ***natives*** …,原住民/原住民,S6 P2,B2/T-2,Millennials ,DSEPastPaper1 FoodTMillennials 2017 SB2 T5 Vocabulary,Vocabulary
immigrants,sound/immigrants.mp3,Noun,…previous generations are 'digital ***immigrants***'.,移民/移民,S6 P2,B2/T-2,Millennials ,DSEPastPaper1 FoodTMillennials 2017 SB2 T5 Vocabulary,Vocabulary
truism,sound/truism.mp3,Noun,The clearest ***truism*** …,(不言而喻的道理/不言而喻的道理),S7 P1,C1/T-3,Millennials ,DSEPastPaper1 FoodTMillennials 2017 SB2 T5 Vocabulary,Vocabulary
risky,sound/risky.mp3,Adjective,FOOD is **risky**.,(有風險的/有风险的),S1 P1,A2/T-1,FoodTruck ,DSEPastPaper1 FoodTruck 2016 SB2 T10 Vocabulary,Vocabulary
choke,sound/choke.mp3,Verb,You can **choke** on a hot dog…,(噎住/噎住),S1 P1,B1/T-2,FoodTruck ,DSEPastPaper1 FoodTruck 2016 SB2 T10 Vocabulary,Vocabulary
poison,sound/poison.mp3,Verb,…be **poisoned** by a pizza…,(中毒/中毒),S1 P1,B1/T-2,FoodTruck ,DSEPastPaper1 FoodTruck 2016 SB2 T10 Vocabulary,Vocabulary
expire,sound/expire.mp3,Verb,…before its customers **expire**?,(死亡/死亡),S1 P1,C1/T-3,FoodTruck ,DSEPastPaper1 FoodTruck 2016 SB2 T10 Vocabulary,Vocabulary
frown,sound/frown.mp3,Verb,…so many American cities **frown** on food trucks.,(不贊成/不赞成),S1 P1,B2/T-2,FoodTruck ,DSEPastPaper1 FoodTruck 2016 SB2 T10 Vocabulary,Vocabulary
cap,sound/cap.mp3,Noun,…a **cap** on the number of food-truck licences…,(上限/上限),S3 P1,B1/T-2,FoodTruck ,DSEPastPaper1 FoodTruck 2016 SB2 T10 Vocabulary,Vocabulary
black market,sound/black market.mp3,Noun,…has created a **black market**…,(黑市/黑市),S3 P1,B2/T-2,FoodTruck ,DSEPastPaper1 FoodTruck 2016 SB2 T10 Vocabulary,Vocabulary
intrepid,sound/intrepid.mp3,Adjective,Your **intrepid** correspondent sampled injera…,(無畏的/无畏的),S5 P1,C1/T-3,FoodTruck ,DSEPastPaper1 FoodTruck 2016 SB2 T10 Vocabulary,Vocabulary
garishness,sound/garishness.mp3,Noun,Officials worry that their **garishness** will lower the local tone.,(俗麗/俗丽),S7 P1,C1/T-3,FoodTruck ,DSEPastPaper1 FoodTruck 2016 SB2 T10 Vocabulary,Vocabulary
filthy,sound/filthy.mp3,Adjective,Many think they are just **filthy**…,(骯髒的/肮脏的),S7 P1,B1/T-2,FoodTruck ,DSEPastPaper1 FoodTruck 2016 SB2 T10 Vocabulary,Vocabulary
sneer,sound/sneer.mp3,Noun,…“roach coaches” is the **sneer**.,(嘲笑/嘲笑),S7 P1,B2/T-2,FoodTruck ,DSEPastPaper1 FoodTruck 2016 SB2 T10 Vocabulary,Vocabulary
wrangling,sound/wrangling.mp3,Noun,After years of legal **wrangling**…,(爭論/争论),S8 P1,B2/T-2,FoodTruck ,DSEPastPaper1 FoodTruck 2016 SB2 T10 Vocabulary,Vocabulary
mean-spirited,sound/mean-spirited.mp3,Adjective,…the typically **mean-spirited** conditions…,(惡意的/恶意的),S8 P1,C1/T-3,FoodTruck ,DSEPastPaper1 FoodTruck 2016 SB2 T10 Vocabulary,Vocabulary
immobile,sound/immobile.mp3,Adjective,…to protect the **immobile** restaurant trade.,(固定的/固定的),S8 P1,B2/T-2,FoodTruck ,DSEPastPaper1 FoodTruck 2016 SB2 T10 Vocabulary,Vocabulary
misguided,sound/misguided.mp3,Adjective,Such rules are **misguided**.,(被誤導的/被误导的),S9 P1,B2/T-2,FoodTruck ,DSEPastPaper1 FoodTruck 2016 SB2 T10 Vocabulary,Vocabulary
aspiring,sound/aspiring.mp3,Adjective,…an important step for **aspiring** entrepreneurs…,(有抱負的/有抱负的),S9 P1,B2/T-2,FoodTruck ,DSEPastPaper1 FoodTruck 2016 SB2 T10 Vocabulary,Vocabulary
enlivened,sound/enlivened.mp3,Verb,…food trucks have **enlivened** the gastronomic scene…,(使有生氣/使有生气),S9 P1,C1/T-3,FoodTruck ,DSEPastPaper1 FoodTruck 2016 SB2 T10 Vocabulary,Vocabulary
roam,sound/roam.mp3,Verb,…wherever they have been allowed to **roam**.,(遊走/游走),S9 P1,B2/T-2,FoodTruck ,DSEPastPaper1 FoodTruck 2016 SB2 T10 Vocabulary,Vocabulary
trend,sound/trend.mp3,Noun,I've seen a lot of **trends** come and go.,(潮流/潮流),S1 P1,A2/T-1,FoodTruck ,DSEPastPaper1 FoodTruck 2016 SB2 T9 Vocabulary,Vocabulary
astonishingly,sound/astonishingly.mp3,Adverb,…some **astonishingly** stupid trends have thrived.,(令人驚訝地/令人惊讶地),S1 P1,C1/T-3,FoodTruck ,DSEPastPaper1 FoodTruck 2016 SB2 T9 Vocabulary,Vocabulary
offender,sound/offender.mp3,Noun,Here are some of the worst **offenders**.,(罪魁禍首/罪魁祸首),S1 P1,B2/T-2,FoodTruck ,DSEPastPaper1 FoodTruck 2016 SB2 T9 Vocabulary,Vocabulary
ridiculous,sound/ridiculous.mp3,Adjective,…the overall trend is both **ridiculous**…,(荒謬的/荒谬的),S3 P1,B1/T-2,FoodTruck ,DSEPastPaper1 FoodTruck 2016 SB2 T9 Vocabulary,Vocabulary
reprehensible,sound/reprehensible.mp3,Adjective,"…and in some cases, morally **reprehensible**.",(應受譴責的/应受谴责的),S3 P1,C1/T-3,FoodTruck ,DSEPastPaper1 FoodTruck 2016 SB2 T9 Vocabulary,Vocabulary
breakthrough,sound/breakthrough.mp3,Noun,…some sort of **breakthrough** invention…,(突破/突破),S3 P1,B2/T-2,FoodTruck ,DSEPastPaper1 FoodTruck 2016 SB2 T9 Vocabulary,Vocabulary
akin,sound/akin.mp3,Adjective,…they are nothing more than a way to deliver food… **akin** to the “invention” of home delivery…,(類似的/类似的),S3 P1,C1/T-3,FoodTruck ,DSEPastPaper1 FoodTruck 2016 SB2 T9 Vocabulary,Vocabulary
ethnic,sound/ethnic.mp3,Adjective,…food trucks had brought affordable **ethnic** cuisine…,(民族的/民族的),S6 P1,B1/T-2,FoodTruck ,DSEPastPaper1 FoodTruck 2016 SB2 T9 Vocabulary,Vocabulary
ironically,sound/ironically.mp3,Adverb,"**Ironically**, in many markets the food trucks do more harm than good…",(諷刺的是/讽刺的是),S7 P1,B2/T-2,FoodTruck ,DSEPastPaper1 FoodTruck 2016 SB2 T9 Vocabulary,Vocabulary
cannibalizing,sound/cannibalizing.mp3,Verb,…while **cannibalizing** hard-to-get public parking spots…,(侵佔/侵占),S7 P1,C1/T-3,FoodTruck ,DSEPastPaper1 FoodTruck 2016 SB2 T9 Vocabulary,Vocabulary
squatting,sound/squatting.mp3,Verb,…and **squatting** on public property.,(非法佔用/非法占用),S7 P1,C1/T-3,FoodTruck ,DSEPastPaper1 FoodTruck 2016 SB2 T9 Vocabulary,Vocabulary
pedestrian-unfriendly,sound/pedestrian-unfriendly.mp3,Adjective,…bringing quality dining selections to extremely **pedestrian-unfriendly** areas…,(不適合行人的/不适合行人的),S8 P1,B2/T-2,FoodTruck ,DSEPastPaper1 FoodTruck 2016 SB2 T9 Vocabulary,Vocabulary
redundant,sound/redundant.mp3,Adjective,The real trend is the **redundant** food truck…,(多餘的/多余的),S9 P1,C1/T-3,FoodTruck ,DSEPastPaper1 FoodTruck 2016 SB2 T9 Vocabulary,Vocabulary
absurd,sound/absurd.mp3,Adjective,This strikes me as **absurd**.,(荒謬的/荒谬的),S10 P1,B1/T-2,FoodTruck ,DSEPastPaper1 FoodTruck 2016 SB2 T9 Vocabulary,Vocabulary
fad,sound/fad.mp3,Noun,More a **fad** than a trend…,(一時的風尚/一时的风尚),S11 P1,B1/T-2,FoodTruck ,DSEPastPaper1 FoodTruck 2016 SB2 T9 Vocabulary,Vocabulary
tangible,sound/tangible.mp3,Adjective,…I've yet to see any **tangible** benefits…,(實質的/实质的),S11 P1,B2/T-2,FoodTruck ,DSEPastPaper1 FoodTruck 2016 SB2 T9 Vocabulary,Vocabulary
arrival,sound/arrival.mp3,Noun,The **arrival** of food trucks to New York several years ago was greeted by a city hungry for refined street food…,(到来/到來),S1 P1,B1/T-2,FoodTruck ,DSEPastPaper1 FoodTruck 2016 SB2 T8 Vocabulary,Vocabulary
refined,sound/refined.mp3,Adjective,…greeted by a city hungry for **refined** street food…,(精致的/精緻的),S1 P1,B2/T-2,FoodTruck ,DSEPastPaper1 FoodTruck 2016 SB2 T8 Vocabulary,Vocabulary
entrepreneur,sound/entrepreneur.mp3,Noun,…willing to pay higher prices to reward hard-working culinary **entrepreneurs**.,(企業家/企业家),S1 P1,B2/T-2,FoodTruck ,DSEPastPaper1 FoodTruck 2016 SB2 T8 Vocabulary,Vocabulary
initially,sound/initially.mp3,Adverb,"**Initially**, the food truck business model looked attractive.",(最初/最初),S2 P1,B1/T-2,FoodTruck ,DSEPastPaper1 FoodTruck 2016 SB2 T8 Vocabulary,Vocabulary
attractive,sound/attractive.mp3,Adjective,…the food truck business model looked **attractive**.,(有吸引力的/有吸引力的),S2 P1,A2/T-1,FoodTruck ,DSEPastPaper1 FoodTruck 2016 SB2 T8 Vocabulary,Vocabulary
concept,sound/concept.mp3,Noun,…allowed him and partner David Schillace to test out their **concept**…,(概念/概念),S2 P1,B1/T-2,FoodTruck ,DSEPastPaper1 FoodTruck 2016 SB2 T8 Vocabulary,Vocabulary
explosive,sound/explosive.mp3,Adjective,"As early adopters, the Mexicue crew saw **explosive** growth.",(爆炸性的/爆炸性的),S3 P1,B2/T-2,FoodTruck ,DSEPastPaper1 FoodTruck 2016 SB2 T8 Vocabulary,Vocabulary
skyscraper,sound/skyscraper.mp3,Noun,…parked in midtown Manhattan surrounded by the **skyscrapers** that investment banks call their home…,(摩天大樓/摩天大楼),S3 P1,B1/T-2,FoodTruck ,DSEPastPaper1 FoodTruck 2016 SB2 T8 Vocabulary,Vocabulary
ferocious,sound/ferocious.mp3,Adjective,Competition in New York City is **ferocious**…,(激烈的/激烈的),S4 P1,B2/T-2,FoodTruck ,DSEPastPaper1 FoodTruck 2016 SB2 T8 Vocabulary,Vocabulary
regulator,sound/regulator.mp3,Noun,…while **regulators** began to crack down on the industry.,(監管機構/监管机构),S4 P1,B2/T-2,FoodTruck ,DSEPastPaper1 FoodTruck 2016 SB2 T8 Vocabulary,Vocabulary
exhausted,sound/exhausted.mp3,Adjective,"**Exhausted** by the hustle, Schillace and Kelly made a U-turn…",(筋疲力盡的/筋疲力尽的),S5 P1,B1/T-2,FoodTruck ,DSEPastPaper1 FoodTruck 2016 SB2 T8 Vocabulary,Vocabulary
brick-and-mortar,sound/brick-and-mortar.mp3,Adjective,…in 2011 opened their first **brick-and-mortar** store.,(實體的/实体的),S5 P1,C1/T-3,FoodTruck ,DSEPastPaper1 FoodTruck 2016 SB2 T8 Vocabulary,Vocabulary
volatile,sound/volatile.mp3,Adjective,Next to the **volatile** food truck business…,(多變的/多变的),S5 P1,C1/T-3,FoodTruck ,DSEPastPaper1 FoodTruck 2016 SB2 T8 Vocabulary,Vocabulary
inclement,sound/inclement.mp3,Adjective,Without having to tough it out through **inclement** weather…,(惡劣的/恶劣的),S5 P1,C1/T-3,FoodTruck ,DSEPastPaper1 FoodTruck 2016 SB2 T8 Vocabulary,Vocabulary
integral,sound/integral.mp3,Adjective,"While the truck is no longer a cash cow, it remains **integral** to their brand and image.",(不可或缺的/不可或缺的),S6 P1,B2/T-2,FoodTruck ,DSEPastPaper1 FoodTruck 2016 SB2 T8 Vocabulary,Vocabulary
risky,sound/risky.mp3,Adjective,FOOD is **risky**.,(有風險的/有风险的),S1 P1,A2/T-1,FoodTruck ,DSEPastPaper1 FoodTruck 2016 SB2 T10 Vocabulary,Vocabulary
choke,sound/choke.mp3,Verb,You can **choke** on a hot dog…,(噎住/噎住),S1 P1,B1/T-2,FoodTruck ,DSEPastPaper1 FoodTruck 2016 SB2 T10 Vocabulary,Vocabulary
poison,sound/poison.mp3,Verb,…be **poisoned** by a pizza…,(中毒/中毒),S1 P1,B1/T-2,FoodTruck ,DSEPastPaper1 FoodTruck 2016 SB2 T10 Vocabulary,Vocabulary
expire,sound/expire.mp3,Verb,…before its customers **expire**?,(死亡/死亡),S1 P1,C1/T-3,FoodTruck ,DSEPastPaper1 FoodTruck 2016 SB2 T10 Vocabulary,Vocabulary
frown,sound/frown.mp3,Verb,…so many American cities **frown** on food trucks.,(不贊成/不赞成),S1 P1,B2/T-2,FoodTruck ,DSEPastPaper1 FoodTruck 2016 SB2 T10 Vocabulary,Vocabulary
cap,sound/cap.mp3,Noun,…a **cap** on the number of food-truck licences…,(上限/上限),S3 P1,B1/T-2,FoodTruck ,DSEPastPaper1 FoodTruck 2016 SB2 T10 Vocabulary,Vocabulary
black market,sound/black market.mp3,Noun,…has created a **black market**…,(黑市/黑市),S3 P1,B2/T-2,FoodTruck ,DSEPastPaper1 FoodTruck 2016 SB2 T10 Vocabulary,Vocabulary
intrepid,sound/intrepid.mp3,Adjective,Your **intrepid** correspondent sampled injera…,(無畏的/无畏的),S5 P1,C1/T-3,FoodTruck ,DSEPastPaper1 FoodTruck 2016 SB2 T10 Vocabulary,Vocabulary
garishness,sound/garishness.mp3,Noun,Officials worry that their **garishness** will lower the local tone.,(俗麗/俗丽),S7 P1,C1/T-3,FoodTruck ,DSEPastPaper1 FoodTruck 2016 SB2 T10 Vocabulary,Vocabulary
filthy,sound/filthy.mp3,Adjective,Many think they are just **filthy**…,(骯髒的/肮脏的),S7 P1,B1/T-2,FoodTruck ,DSEPastPaper1 FoodTruck 2016 SB2 T10 Vocabulary,Vocabulary
sneer,sound/sneer.mp3,Noun,…“roach coaches” is the **sneer**.,(嘲笑/嘲笑),S7 P1,B2/T-2,FoodTruck ,DSEPastPaper1 FoodTruck 2016 SB2 T10 Vocabulary,Vocabulary
wrangling,sound/wrangling.mp3,Noun,After years of legal **wrangling**…,(爭論/争论),S8 P1,B2/T-2,FoodTruck ,DSEPastPaper1 FoodTruck 2016 SB2 T10 Vocabulary,Vocabulary
mean-spirited,sound/mean-spirited.mp3,Adjective,…the typically **mean-spirited** conditions…,(惡意的/恶意的),S8 P1,C1/T-3,FoodTruck ,DSEPastPaper1 FoodTruck 2016 SB2 T10 Vocabulary,Vocabulary
immobile,sound/immobile.mp3,Adjective,…to protect the **immobile** restaurant trade.,(固定的/固定的),S8 P1,B2/T-2,FoodTruck ,DSEPastPaper1 FoodTruck 2016 SB2 T10 Vocabulary,Vocabulary
misguided,sound/misguided.mp3,Adjective,Such rules are **misguided**.,(被誤導的/被误导的),S9 P1,B2/T-2,FoodTruck ,DSEPastPaper1 FoodTruck 2016 SB2 T10 Vocabulary,Vocabulary
aspiring,sound/aspiring.mp3,Adjective,…an important step for **aspiring** entrepreneurs…,(有抱負的/有抱负的),S9 P1,B2/T-2,FoodTruck ,DSEPastPaper1 FoodTruck 2016 SB2 T10 Vocabulary,Vocabulary
enlivened,sound/enlivened.mp3,Verb,…food trucks have **enlivened** the gastronomic scene…,(使有生氣/使有生气),S9 P1,C1/T-3,FoodTruck ,DSEPastPaper1 FoodTruck 2016 SB2 T10 Vocabulary,Vocabulary
roam,sound/roam.mp3,Verb,…wherever they have been allowed to **roam**.,(遊走/游走),S9 P1,B2/T-2,FoodTruck ,DSEPastPaper1 FoodTruck 2016 SB2 T10 Vocabulary,Vocabulary
trend,sound/trend.mp3,Noun,I've seen a lot of **trends** come and go.,(潮流/潮流),S1 P1,A2/T-1,FoodTruck ,DSEPastPaper1 FoodTruck 2016 SB2 T9 Vocabulary,Vocabulary
astonishingly,sound/astonishingly.mp3,Adverb,…some **astonishingly** stupid trends have thrived.,(令人驚訝地/令人惊讶地),S1 P1,C1/T-3,FoodTruck ,DSEPastPaper1 FoodTruck 2016 SB2 T9 Vocabulary,Vocabulary
offender,sound/offender.mp3,Noun,Here are some of the worst **offenders**.,(罪魁禍首/罪魁祸首),S1 P1,B2/T-2,FoodTruck ,DSEPastPaper1 FoodTruck 2016 SB2 T9 Vocabulary,Vocabulary
ridiculous,sound/ridiculous.mp3,Adjective,…the overall trend is both **ridiculous**…,(荒謬的/荒谬的),S3 P1,B1/T-2,FoodTruck ,DSEPastPaper1 FoodTruck 2016 SB2 T9 Vocabulary,Vocabulary
reprehensible,sound/reprehensible.mp3,Adjective,"…and in some cases, morally **reprehensible**.",(應受譴責的/应受谴责的),S3 P1,C1/T-3,FoodTruck ,DSEPastPaper1 FoodTruck 2016 SB2 T9 Vocabulary,Vocabulary
breakthrough,sound/breakthrough.mp3,Noun,…some sort of **breakthrough** invention…,(突破/突破),S3 P1,B2/T-2,FoodTruck ,DSEPastPaper1 FoodTruck 2016 SB2 T9 Vocabulary,Vocabulary
akin,sound/akin.mp3,Adjective,…they are nothing more than a way to deliver food… **akin** to the “invention” of home delivery…,(類似的/类似的),S3 P1,C1/T-3,FoodTruck ,DSEPastPaper1 FoodTruck 2016 SB2 T9 Vocabulary,Vocabulary
ethnic,sound/ethnic.mp3,Adjective,…food trucks had brought affordable **ethnic** cuisine…,(民族的/民族的),S6 P1,B1/T-2,FoodTruck ,DSEPastPaper1 FoodTruck 2016 SB2 T9 Vocabulary,Vocabulary
ironically,sound/ironically.mp3,Adverb,"**Ironically**, in many markets the food trucks do more harm than good…",(諷刺的是/讽刺的是),S7 P1,B2/T-2,FoodTruck ,DSEPastPaper1 FoodTruck 2016 SB2 T9 Vocabulary,Vocabulary
cannibalizing,sound/cannibalizing.mp3,Verb,…while **cannibalizing** hard-to-get public parking spots…,(侵佔/侵占),S7 P1,C1/T-3,FoodTruck ,DSEPastPaper1 FoodTruck 2016 SB2 T9 Vocabulary,Vocabulary
squatting,sound/squatting.mp3,Verb,…and **squatting** on public property.,(非法佔用/非法占用),S7 P1,C1/T-3,FoodTruck ,DSEPastPaper1 FoodTruck 2016 SB2 T9 Vocabulary,Vocabulary
pedestrian-unfriendly,sound/pedestrian-unfriendly.mp3,Adjective,…bringing quality dining selections to extremely **pedestrian-unfriendly** areas…,(不適合行人的/不适合行人的),S8 P1,B2/T-2,FoodTruck ,DSEPastPaper1 FoodTruck 2016 SB2 T9 Vocabulary,Vocabulary
redundant,sound/redundant.mp3,Adjective,The real trend is the **redundant** food truck…,(多餘的/多余的),S9 P1,C1/T-3,FoodTruck ,DSEPastPaper1 FoodTruck 2016 SB2 T9 Vocabulary,Vocabulary
absurd,sound/absurd.mp3,Adjective,This strikes me as **absurd**.,(荒謬的/荒谬的),S10 P1,B1/T-2,FoodTruck ,DSEPastPaper1 FoodTruck 2016 SB2 T9 Vocabulary,Vocabulary
fad,sound/fad.mp3,Noun,More a **fad** than a trend…,(一時的風尚/一时的风尚),S11 P1,B1/T-2,FoodTruck ,DSEPastPaper1 FoodTruck 2016 SB2 T9 Vocabulary,Vocabulary
tangible,sound/tangible.mp3,Adjective,…I've yet to see any **tangible** benefits…,(實質的/实质的),S11 P1,B2/T-2,FoodTruck ,DSEPastPaper1 FoodTruck 2016 SB2 T9 Vocabulary,Vocabulary
arrival,sound/arrival.mp3,Noun,The **arrival** of food trucks to New York several years ago was greeted by a city hungry for refined street food…,(到来/到來),S1 P1,B1/T-2,FoodTruck ,DSEPastPaper1 FoodTruck 2016 SB2 T8 Vocabulary,Vocabulary
refined,sound/refined.mp3,Adjective,…greeted by a city hungry for **refined** street food…,(精致的/精緻的),S1 P1,B2/T-2,FoodTruck ,DSEPastPaper1 FoodTruck 2016 SB2 T8 Vocabulary,Vocabulary
entrepreneur,sound/entrepreneur.mp3,Noun,…willing to pay higher prices to reward hard-working culinary **entrepreneurs**.,(企業家/企业家),S1 P1,B2/T-2,FoodTruck ,DSEPastPaper1 FoodTruck 2016 SB2 T8 Vocabulary,Vocabulary
initially,sound/initially.mp3,Adverb,"**Initially**, the food truck business model looked attractive.",(最初/最初),S2 P1,B1/T-2,FoodTruck ,DSEPastPaper1 FoodTruck 2016 SB2 T8 Vocabulary,Vocabulary
attractive,sound/attractive.mp3,Adjective,…the food truck business model looked **attractive**.,(有吸引力的/有吸引力的),S2 P1,A2/T-1,FoodTruck ,DSEPastPaper1 FoodTruck 2016 SB2 T8 Vocabulary,Vocabulary
concept,sound/concept.mp3,Noun,…allowed him and partner David Schillace to test out their **concept**…,(概念/概念),S2 P1,B1/T-2,FoodTruck ,DSEPastPaper1 FoodTruck 2016 SB2 T8 Vocabulary,Vocabulary
explosive,sound/explosive.mp3,Adjective,"As early adopters, the Mexicue crew saw **explosive** growth.",(爆炸性的/爆炸性的),S3 P1,B2/T-2,FoodTruck ,DSEPastPaper1 FoodTruck 2016 SB2 T8 Vocabulary,Vocabulary
skyscraper,sound/skyscraper.mp3,Noun,…parked in midtown Manhattan surrounded by the **skyscrapers** that investment banks call their home…,(摩天大樓/摩天大楼),S3 P1,B1/T-2,FoodTruck ,DSEPastPaper1 FoodTruck 2016 SB2 T8 Vocabulary,Vocabulary
ferocious,sound/ferocious.mp3,Adjective,Competition in New York City is **ferocious**…,(激烈的/激烈的),S4 P1,B2/T-2,FoodTruck ,DSEPastPaper1 FoodTruck 2016 SB2 T8 Vocabulary,Vocabulary
regulator,sound/regulator.mp3,Noun,…while **regulators** began to crack down on the industry.,(監管機構/监管机构),S4 P1,B2/T-2,FoodTruck ,DSEPastPaper1 FoodTruck 2016 SB2 T8 Vocabulary,Vocabulary
exhausted,sound/exhausted.mp3,Adjective,"**Exhausted** by the hustle, Schillace and Kelly made a U-turn…",(筋疲力盡的/筋疲力尽的),S5 P1,B1/T-2,FoodTruck ,DSEPastPaper1 FoodTruck 2016 SB2 T8 Vocabulary,Vocabulary
brick-and-mortar,sound/brick-and-mortar.mp3,Adjective,…in 2011 opened their first **brick-and-mortar** store.,(實體的/实体的),S5 P1,C1/T-3,FoodTruck ,DSEPastPaper1 FoodTruck 2016 SB2 T8 Vocabulary,Vocabulary
volatile,sound/volatile.mp3,Adjective,Next to the **volatile** food truck business…,(多變的/多变的),S5 P1,C1/T-3,FoodTruck ,DSEPastPaper1 FoodTruck 2016 SB2 T8 Vocabulary,Vocabulary
inclement,sound/inclement.mp3,Adjective,Without having to tough it out through **inclement** weather…,(惡劣的/恶劣的),S5 P1,C1/T-3,FoodTruck ,DSEPastPaper1 FoodTruck 2016 SB2 T8 Vocabulary,Vocabulary
integral,sound/integral.mp3,Adjective,"While the truck is no longer a cash cow, it remains **integral** to their brand and image.",(不可或缺的/不可或缺的),S6 P1,B2/T-2,FoodTruck ,DSEPastPaper1 FoodTruck 2016 SB2 T8 Vocabulary,Vocabulary
agony,sound/agony.mp3,Noun,…newspaper's longstanding **agony** uncle…,(煩惱/烦恼),S1 P1,B2/T-2,GrahamNorton,DSEPastPaper GrahamNorton 2020 B2 T4 Vocabulary,Vocabulary
woe,sound/woe.mp3,Noun,…Pandora's postbag of **woes**…,(苦惱/苦恼),S3 P1,C1/T-3,GrahamNorton,DSEPastPaper GrahamNorton 2020 B2 T4 Vocabulary,Vocabulary
trauma,sound/trauma.mp3,Noun,…work **traumas**…,(創傷/创伤),S3 P1,B2/T-2,GrahamNorton,DSEPastPaper GrahamNorton 2020 B2 T4 Vocabulary,Vocabulary
vocation,sound/vocation.mp3,Noun,…properly qualified for this **vocation**…,(職業/职业),S5 P1,B2/T-2,GrahamNorton,DSEPastPaper GrahamNorton 2020 B2 T4 Vocabulary,Vocabulary
thrust,sound/thrust.mp3,Verb,…my calling has been **thrust** upon me.,(強加/强加),S5 P1,C1/T-3,GrahamNorton,DSEPastPaper GrahamNorton 2020 B2 T4 Vocabulary,Vocabulary
diagnosis,sound/diagnosis.mp3,Noun,…my tough love **diagnosis**…,(診斷/诊断),S6 P1,B2/T-2,GrahamNorton,DSEPastPaper GrahamNorton 2020 B2 T4 Vocabulary,Vocabulary
tongue-lashing,sound/tongue-lashing.mp3,Noun,…received a **tongue-lashing**…,(嚴厲斥責/严厉斥责),S6 P1,C1/T-3,GrahamNorton,DSEPastPaper GrahamNorton 2020 B2 T4 Vocabulary,Vocabulary
whingeing,sound/whingeing.mp3,Noun,…self-obsessed **whingeing**…,(抱怨/抱怨),S8 P1,B2/T-2,GrahamNorton,DSEPastPaper GrahamNorton 2020 B2 T4 Vocabulary,Vocabulary
bereavement,sound/bereavement.mp3,Noun,…grief-stricken by **bereavement**…,(喪親/丧亲),S9 P1,C1/T-3,GrahamNorton,DSEPastPaper GrahamNorton 2020 B2 T4 Vocabulary,Vocabulary
rummage,sound/rummage.mp3,Verb,…difficult to **rummage** around…,(翻找/翻找),S11 P1,B2/T-2,GrahamNorton,DSEPastPaper GrahamNorton 2020 B2 T4 Vocabulary,Vocabulary
banal,sound/banal.mp3,Adjective,"…the obvious, **banal** advice…",(陳腐的/陈腐的),S11 P1,C1/T-3,GrahamNorton,DSEPastPaper GrahamNorton 2020 B2 T4 Vocabulary,Vocabulary
skirt,sound/skirt.mp3,Verb,…I sort of **skirt** around it…,(迴避/回避),S13 P1,B2/T-2,GrahamNorton,DSEPastPaper GrahamNorton 2020 B2 T4 Vocabulary,Vocabulary
springboard,sound/springboard.mp3,Noun,…a **springboard** to some sort of positive action.,(跳板/跳板),S13 P1,B2/T-2,GrahamNorton,DSEPastPaper GrahamNorton 2020 B2 T4 Vocabulary,Vocabulary
reactionary,sound/reactionary.mp3,Adjective,…stopped me being so **reactionary**…,(反動的/反动的),S14 P1,C1/T-3,GrahamNorton,DSEPastPaper GrahamNorton 2020 B2 T4 Vocabulary,Vocabulary
self-righteous,sound/self-righteous.mp3,Adjective,…**self-righteous**…,(自以為正直的/自以为正直的),S14 P1,C1/T-3,GrahamNorton,DSEPastPaper GrahamNorton 2020 B2 T4 Vocabulary,Vocabulary
perceptive,sound/perceptive.mp3,Adjective,…you are **perceptive** enough…,(有洞察力的/有洞察力的),S15 P1,B2/T-2,GrahamNorton,DSEPastPaper GrahamNorton 2020 B2 T4 Vocabulary,Vocabulary
trepidation,sound/trepidation.mp3,Noun,"…full of anticipation, but also **trepidation**.",(恐懼/恐惧),S22 P1,B2/T-2,GrahamNorton,DSEPastPaper GrahamNorton 2020 B2 T4 Vocabulary,Vocabulary
fruitless,sound/fruitless.mp3,Adjective,…an often **fruitless** search…,(徒勞的/徒劳的),S26 P1,B2/T-2,GrahamNorton,DSEPastPaper GrahamNorton 2020 B2 T4 Vocabulary,Vocabulary
challenging,sound/challenging.mp3,Adjective,…my **challenging** hair.,(難處理的/难处理的),S26 P1,B1/T-2,GrahamNorton,DSEPastPaper GrahamNorton 2020 B2 T4 Vocabulary,Vocabulary
fringe,sound/fringe.mp3,Noun,…A longer **fringe** may also help.,(瀏海/刘海),S29 P1,B1/T-2,GrahamNorton,DSEPastPaper GrahamNorton 2020 B2 T4 Vocabulary,Vocabulary
